INDEX,TAG,DATE,TIME,LATITUDE N/S,LONGITUDE E/W,HEIGHT,SPEED,HEADING,VOX
1,T,21031,94331,39.951074N,116.341705E,46,0,0,
2,T,21031,94333,39.951059N,116.341610E,51,0,0,
3,T,21031,94334,39.951059N,116.341610E,51,0,0,
4,T,21031,94335,39.951059N,116.341610E,51,0,0,
5,T,21031,94339,39.951059N,116.341611E,51,0,0,
6,T,21031,94340,39.951059N,116.341613E,51,0,0,
7,T,21031,94341,39.951059N,116.341613E,51,0,0,
8,T,21031,94342,39.951059N,116.341615E,51,0,0,
9,T,21031,94343,39.951059N,116.341616E,51,0,0,
10,T,21031,94344,39.951059N,116.341616E,51,0,0,
11,T,21031,94345,39.951059N,116.341618E,51,0,0,
12,T,21031,94346,39.951059N,116.341618E,51,0,0,
13,T,21031,94347,39.951059N,116.341620E,51,0,0,
14,T,21031,94348,39.951059N,116.341620E,51,0,0,
15,T,21031,94349,39.951059N,116.341621E,51,0,0,
16,T,21031,94350,39.951059N,116.341621E,51,0,0,
17,T,21031,94351,39.951059N,116.341623E,51,0,0,
18,T,21031,94352,39.951058N,116.341623E,51,0,0,
19,T,21031,94353,39.951058N,116.341624E,51,0,0,
20,T,21031,94354,39.951058N,116.341624E,51,0,0,
21,T,21031,94355,39.951058N,116.341626E,51,0,0,
22,T,21031,94356,39.951058N,116.341626E,51,0,0,
23,T,21031,94357,39.951056N,116.341628E,51,0,0,
24,T,21031,94358,39.951056N,116.341628E,51,0,0,
25,T,21031,94359,39.951056N,116.341629E,51,0,0,
26,T,21031,94400,39.951056N,116.341629E,51,0,0,
27,T,21031,94401,39.951056N,116.341629E,51,0,0,
28,T,21031,94402,39.951056N,116.341631E,51,0,0,
29,T,21031,94403,39.951054N,116.341631E,51,0,0,
30,T,21031,94404,39.951054N,116.341631E,51,0,0,
31,T,21031,94405,39.951054N,116.341631E,51,0,0,
32,T,21031,94406,39.951054N,116.341633E,51,0,0,
33,T,21031,94407,39.951054N,116.341633E,51,0,0,
34,T,21031,94408,39.951054N,116.341633E,51,0,0,
35,T,21031,94409,39.951054N,116.341633E,51,0,0,
36,T,21031,94410,39.951054N,116.341633E,51,0,0,
37,T,21031,94413,39.951053N,116.341635E,51,0,0,
38,T,21031,94414,39.951053N,116.341635E,51,0,0,
39,T,21031,94415,39.951053N,116.341635E,51,0,0,
40,T,21031,94416,39.951053N,116.341636E,51,0,0,
41,T,21031,94417,39.951053N,116.341636E,51,0,0,
42,T,21031,94418,39.951053N,116.341636E,50,0,0,
43,T,21031,94419,39.951053N,116.341636E,50,0,0,
44,T,21031,94420,39.951051N,116.341636E,50,0,0,
45,T,21031,94421,39.951051N,116.341638E,50,0,0,
46,T,21031,94422,39.951051N,116.341638E,50,0,0,
47,T,21031,94423,39.951051N,116.341638E,50,0,0,
48,T,21031,94424,39.951051N,116.341638E,50,0,0,
49,T,21031,94425,39.951051N,116.341638E,50,0,0,
50,T,21031,94426,39.951051N,116.341638E,50,0,0,
51,T,21031,94427,39.951051N,116.341639E,50,0,0,
52,T,21031,94428,39.951051N,116.341639E,50,0,0,
53,T,21031,94429,39.951051N,116.341639E,50,0,0,
54,T,21031,94430,39.951050N,116.341639E,50,0,0,
55,T,21031,94431,39.951050N,116.341639E,50,0,0,
56,T,21031,94432,39.951050N,116.341639E,50,0,0,
57,T,21031,94433,39.951050N,116.341639E,50,0,0,
58,T,21031,94434,39.951050N,116.341639E,50,0,0,
59,T,21031,94435,39.951050N,116.341641E,50,0,0,
60,T,21031,94436,39.951050N,116.341641E,50,0,0,
61,T,21031,94437,39.951050N,116.341641E,50,0,0,
62,T,21031,94438,39.951050N,116.341641E,50,0,0,
63,T,21031,94439,39.951050N,116.341641E,50,0,0,
64,T,21031,94440,39.951050N,116.341641E,50,0,0,
65,T,21031,94441,39.951048N,116.341641E,50,0,0,
66,T,21031,94442,39.951048N,116.341641E,50,0,0,
67,T,21031,94443,39.951048N,116.341643E,50,0,0,
68,T,21031,94444,39.951048N,116.341643E,50,0,0,
69,T,21031,94445,39.951048N,116.341643E,50,0,0,
70,T,21031,94446,39.951048N,116.341643E,50,0,0,
71,T,21031,94447,39.951048N,116.341643E,50,0,0,
72,T,21031,94448,39.951048N,116.341643E,50,0,0,
73,T,21031,94449,39.951048N,116.341643E,50,0,0,
74,T,21031,94450,39.951048N,116.341643E,50,0,0,
75,T,21031,94451,39.951048N,116.341643E,50,0,0,
76,T,21031,94452,39.951048N,116.341643E,50,0,0,
77,T,21031,94453,39.951046N,116.341643E,50,0,0,
78,T,21031,94454,39.951046N,116.341643E,50,0,0,
79,T,21031,94455,39.951046N,116.341645E,50,0,0,
80,T,21031,94456,39.951046N,116.341645E,50,0,0,
81,T,21031,94457,39.951046N,116.341645E,50,0,0,
82,T,21031,94458,39.951046N,116.341645E,50,0,0,
83,T,21031,94459,39.951046N,116.341645E,50,0,0,
84,T,21031,94500,39.951046N,116.341645E,50,0,0,
85,T,21031,94501,39.951046N,116.341645E,50,0,0,
86,T,21031,94502,39.951046N,116.341645E,50,0,0,
87,T,21031,94503,39.951046N,116.341645E,50,0,0,
88,T,21031,94504,39.951046N,116.341645E,50,0,0,
89,T,21031,94505,39.951046N,116.341645E,50,0,0,
90,T,21031,94506,39.951044N,116.341645E,50,0,0,
91,T,21031,94507,39.951044N,116.341645E,50,0,0,
92,T,21031,94508,39.951044N,116.341645E,50,0,0,
93,T,21031,94509,39.951044N,116.341646E,50,0,0,
94,T,21031,94510,39.951044N,116.341646E,50,0,0,
95,T,21031,94511,39.951044N,116.341646E,50,0,0,
96,T,21031,94512,39.951044N,116.341646E,50,0,0,
97,T,21031,94513,39.951044N,116.341646E,50,0,0,
98,T,21031,94514,39.951044N,116.341646E,50,0,0,
99,T,21031,94515,39.951044N,116.341646E,50,0,0,
100,T,21031,94516,39.951044N,116.341646E,50,0,0,
101,T,21031,94517,39.951044N,116.341646E,50,0,0,
102,T,21031,94518,39.951044N,116.341646E,50,0,0,
103,T,21031,94519,39.951044N,116.341646E,50,0,0,
104,T,21031,94520,39.951043N,116.341646E,50,0,0,
105,T,21031,94521,39.951043N,116.341646E,50,0,0,
106,T,21031,94522,39.951043N,116.341646E,50,0,0,
107,T,21031,94523,39.951043N,116.341646E,50,0,0,
108,T,21031,94524,39.951043N,116.341646E,50,0,0,
109,T,21031,94525,39.951043N,116.341646E,50,0,0,
110,T,21031,94526,39.951043N,116.341646E,50,0,0,
111,T,21031,94527,39.951043N,116.341646E,50,0,0,
112,T,21031,94528,39.951043N,116.341646E,50,0,0,
113,T,21031,94529,39.951043N,116.341646E,50,0,0,
114,T,21031,94530,39.951043N,116.341646E,49,0,0,
115,T,21031,94531,39.951043N,116.341646E,49,0,0,
116,T,21031,94532,39.951043N,116.341646E,49,0,0,
117,T,21031,94533,39.951043N,116.341648E,49,0,0,
118,T,21031,94534,39.951043N,116.341648E,49,0,0,
119,T,21031,94535,39.951043N,116.341648E,49,0,0,
120,T,21031,94536,39.951043N,116.341648E,49,0,0,
121,T,21031,94537,39.951043N,116.341648E,49,0,0,
122,T,21031,94538,39.951043N,116.341648E,49,0,0,
123,T,21031,94539,39.951043N,116.341648E,49,0,0,
124,T,21031,94540,39.951043N,116.341648E,49,0,0,
125,T,21031,94541,39.951043N,116.341648E,49,0,0,
126,T,21031,94542,39.951043N,116.341648E,49,0,0,
127,T,21031,94543,39.951043N,116.341648E,49,0,0,
128,T,21031,94544,39.951043N,116.341648E,49,0,0,
129,T,21031,94547,39.951041N,116.341648E,49,0,0,
130,T,21031,94548,39.951041N,116.341648E,49,0,0,
131,T,21031,94549,39.951041N,116.341648E,49,0,0,
132,T,21031,94550,39.951041N,116.341648E,49,0,0,
133,T,21031,94551,39.951041N,116.341648E,49,0,0,
134,T,21031,94552,39.951041N,116.341648E,49,0,0,
135,T,21031,94553,39.951041N,116.341648E,49,0,0,
136,T,21031,94554,39.951041N,116.341648E,49,0,0,
137,T,21031,94555,39.951041N,116.341648E,49,0,0,
138,T,21031,94556,39.951041N,116.341648E,49,0,0,
139,T,21031,94557,39.951041N,116.341648E,49,0,0,
140,T,21031,94558,39.951041N,116.341648E,49,0,0,
141,T,21031,94559,39.951041N,116.341648E,49,0,0,
142,T,21031,94600,39.951041N,116.341648E,49,0,0,
143,T,21031,94601,39.951041N,116.341648E,49,0,0,
144,T,21031,94602,39.951041N,116.341648E,49,0,0,
145,T,21031,94603,39.951041N,116.341648E,49,0,0,
146,T,21031,94604,39.951041N,116.341648E,49,0,0,
147,T,21031,94605,39.951041N,116.341648E,49,0,0,
148,T,21031,94606,39.951041N,116.341648E,49,0,0,
149,T,21031,94607,39.951041N,116.341648E,49,0,0,
150,T,21031,94608,39.951041N,116.341648E,49,0,0,
151,T,21031,94609,39.951041N,116.341648E,49,0,0,
152,T,21031,94610,39.951041N,116.341648E,49,0,0,
153,T,21031,94611,39.951041N,116.341648E,49,0,0,
154,T,21031,94612,39.951041N,116.341648E,49,0,0,
155,T,21031,94613,39.951041N,116.341646E,49,0,0,
156,T,21031,94614,39.951041N,116.341646E,49,0,0,
157,T,21031,94615,39.951041N,116.341646E,49,0,0,
158,T,21031,94616,39.951041N,116.341646E,49,0,0,
159,T,21031,94617,39.951041N,116.341646E,49,0,0,
160,T,21031,94618,39.951041N,116.341646E,49,0,0,
161,T,21031,94619,39.951041N,116.341646E,49,0,0,
162,T,21031,94620,39.951041N,116.341646E,49,0,0,
163,T,21031,94621,39.951041N,116.341646E,49,0,0,
164,T,21031,94622,39.951041N,116.341646E,49,0,0,
165,T,21031,94623,39.951041N,116.341646E,49,0,0,
166,T,21031,94624,39.951041N,116.341646E,49,0,0,
167,T,21031,94625,39.951041N,116.341646E,49,0,0,
168,T,21031,94626,39.951041N,116.341646E,49,0,0,
169,T,21031,94627,39.951041N,116.341646E,49,0,0,
170,T,21031,94628,39.951041N,116.341646E,49,0,0,
171,T,21031,94629,39.951041N,116.341645E,49,0,0,
172,T,21031,94630,39.951041N,116.341645E,49,0,0,
173,T,21031,94631,39.951041N,116.341645E,49,0,0,
174,T,21031,94632,39.951041N,116.341645E,49,0,0,
175,T,21031,94633,39.951041N,116.341645E,49,0,0,
176,T,21031,94634,39.951041N,116.341645E,49,0,0,
177,T,21031,94635,39.951041N,116.341645E,49,0,0,
178,T,21031,94636,39.951041N,116.341645E,49,0,0,
179,T,21031,94637,39.951041N,116.341645E,49,0,0,
180,T,21031,94638,39.951041N,116.341643E,49,0,0,
181,T,21031,94639,39.951041N,116.341643E,49,0,0,
182,T,21031,94640,39.951041N,116.341643E,49,0,0,
183,T,21031,94641,39.951041N,116.341643E,49,0,0,
184,T,21031,94642,39.951041N,116.341643E,49,0,0,
185,T,21031,94643,39.951041N,116.341643E,49,0,0,
186,T,21031,94644,39.951041N,116.341643E,49,0,0,
187,T,21031,94645,39.951041N,116.341643E,48,0,0,
188,T,21031,94646,39.951041N,116.341643E,48,0,0,
189,T,21031,94647,39.951041N,116.341643E,48,0,0,
190,T,21031,94648,39.951041N,116.341641E,48,0,0,
191,T,21031,94649,39.951041N,116.341641E,48,0,0,
192,T,21031,94650,39.951041N,116.341641E,48,0,0,
193,T,21031,94651,39.951041N,116.341641E,48,0,0,
194,T,21031,94652,39.951041N,116.341641E,48,0,0,
195,T,21031,94653,39.951041N,116.341641E,48,0,0,
196,T,21031,94654,39.951041N,116.341641E,48,0,0,
197,T,21031,94655,39.951040N,116.341641E,48,0,0,
198,T,21031,94656,39.951040N,116.341641E,48,0,0,
199,T,21031,94657,39.951040N,116.341641E,48,0,0,
200,T,21031,94658,39.951040N,116.341639E,48,0,0,
201,T,21031,94659,39.951040N,116.341639E,48,0,0,
202,T,21031,94700,39.951040N,116.341639E,48,0,0,
203,T,21031,94701,39.951040N,116.341639E,48,0,0,
204,T,21031,94702,39.951040N,116.341639E,48,0,0,
205,T,21031,94703,39.951040N,116.341639E,48,0,0,
206,T,21031,94704,39.951040N,116.341639E,48,0,0,
207,T,21031,94705,39.951040N,116.341639E,48,0,0,
208,T,21031,94706,39.951040N,116.341639E,48,0,0,
209,T,21031,94707,39.951040N,116.341638E,48,0,0,
210,T,21031,94708,39.951040N,116.341638E,48,0,0,
211,T,21031,94709,39.951040N,116.341638E,48,0,0,
212,T,21031,94710,39.951040N,116.341638E,48,0,0,
213,T,21031,94711,39.951040N,116.341638E,48,0,0,
214,T,21031,94712,39.951040N,116.341638E,48,0,0,
215,T,21031,94713,39.951040N,116.341638E,48,0,0,
216,T,21031,94714,39.951040N,116.341638E,48,0,0,
217,T,21031,94717,39.951040N,116.341636E,48,0,0,
218,T,21031,94718,39.951040N,116.341636E,48,0,0,
219,T,21031,94719,39.951040N,116.341636E,48,0,0,
220,T,21031,94720,39.951040N,116.341636E,48,0,0,
221,T,21031,94721,39.951040N,116.341636E,48,0,0,
222,T,21031,94722,39.951040N,116.341636E,48,0,0,
223,T,21031,94723,39.951040N,116.341636E,48,0,0,
224,T,21031,94724,39.951040N,116.341636E,48,0,0,
225,T,21031,94725,39.951040N,116.341636E,48,0,0,
226,T,21031,94726,39.951040N,116.341636E,48,0,0,
227,T,21031,94727,39.951040N,116.341636E,48,0,0,
228,T,21031,94728,39.951040N,116.341635E,48,0,0,
229,T,21031,94729,39.951040N,116.341635E,48,0,0,
230,T,21031,94730,39.951040N,116.341635E,48,0,0,
231,T,21031,94731,39.951040N,116.341635E,48,0,0,
232,T,21031,94732,39.951040N,116.341635E,48,0,0,
233,T,21031,94733,39.951040N,116.341635E,48,0,0,
234,T,21031,94734,39.951040N,116.341635E,48,0,0,
235,T,21031,94735,39.951040N,116.341635E,48,0,0,
236,T,21031,94736,39.951040N,116.341635E,48,0,0,
237,T,21031,94737,39.951040N,116.341633E,48,0,0,
238,T,21031,94738,39.951040N,116.341633E,48,0,0,
239,T,21031,94739,39.951040N,116.341633E,48,0,0,
240,T,21031,94740,39.951040N,116.341633E,48,0,0,
241,T,21031,94741,39.951040N,116.341633E,48,0,0,
242,T,21031,94742,39.951040N,116.341633E,47,0,0,
243,T,21031,94743,39.951040N,116.341633E,47,0,0,
244,T,21031,94744,39.951040N,116.341633E,47,0,0,
245,T,21031,94745,39.951040N,116.341633E,47,0,0,
246,T,21031,94746,39.951041N,116.341629E,47,0,0,
247,T,21031,94747,39.951043N,116.341628E,47,37,0,
248,T,21031,94748,39.951046N,116.341626E,47,0,0,
249,T,21031,94749,39.951050N,116.341626E,47,41,0,
250,T,21031,94750,39.951054N,116.341624E,47,40,0,
251,T,21031,94751,39.951059N,116.341624E,48,39,0,
252,T,21031,94752,39.951065N,116.341623E,48,39,0,
253,T,21031,94753,39.951068N,116.341623E,48,0,0,
254,T,21031,94754,39.951073N,116.341623E,48,0,0,
255,T,21031,94755,39.951076N,116.341623E,48,0,0,
256,T,21031,94756,39.951078N,116.341623E,48,0,0,
257,T,21031,94757,39.951079N,116.341624E,48,0,0,
258,T,21031,94758,39.951079N,116.341624E,48,0,0,
259,T,21031,94759,39.951078N,116.341624E,48,0,0,
260,T,21031,94800,39.951076N,116.341624E,49,0,0,
261,T,21031,94801,39.951074N,116.341620E,49,0,0,
262,T,21031,94802,39.951071N,116.341615E,49,0,0,
263,T,21031,94803,39.951066N,116.341608E,49,0,0,
264,T,21031,94804,39.951066N,116.341608E,49,0,0,
265,T,21031,94805,39.951066N,116.341608E,49,0,0,
266,T,21031,94806,39.951066N,116.341606E,49,0,0,
267,T,21031,94807,39.951065N,116.341606E,50,0,0,
268,T,21031,94808,39.951065N,116.341604E,50,0,0,
269,T,21031,94809,39.951065N,116.341604E,50,0,0,
270,T,21031,94810,39.951063N,116.341604E,50,0,0,
271,T,21031,94811,39.951063N,116.341603E,50,0,0,
272,T,21031,94812,39.951063N,116.341603E,50,0,0,
273,T,21031,94813,39.951061N,116.341603E,50,0,0,
274,T,21031,94814,39.951061N,116.341603E,51,0,0,
275,T,21031,94815,39.951059N,116.341603E,51,0,0,
276,T,21031,94816,39.951053N,116.341603E,51,0,0,
277,T,21031,94817,39.951053N,116.341603E,51,0,0,
278,T,21031,94818,39.951046N,116.341604E,51,0,0,
279,T,21031,94819,39.951041N,116.341606E,51,0,0,
280,T,21031,94820,39.951041N,116.341606E,52,0,0,
281,T,21031,94821,39.951041N,116.341606E,52,0,0,
282,T,21031,94822,39.951041N,116.341606E,52,0,0,
283,T,21031,94823,39.951040N,116.341604E,52,0,0,
284,T,21031,94824,39.951040N,116.341603E,52,46,0,
285,T,21031,94825,39.951091N,116.341553E,52,68,0,
286,T,21031,94826,39.951134N,116.341528E,53,144,327,
287,T,21031,94827,39.951179N,116.341498E,54,197,331,
288,T,21031,94828,39.951236N,116.341475E,56,206,336,
289,T,21031,94829,39.951296N,116.341443E,56,215,337,
290,T,21031,94830,39.951353N,116.341420E,57,220,337,
291,T,21031,94831,39.951406N,116.341398E,58,211,338,
292,T,21031,94832,39.951476N,116.341379E,58,211,339,
293,T,21031,94833,39.951543N,116.341388E,59,178,343,
294,T,21031,94834,39.951593N,116.341386E,59,155,348,
295,T,21031,94835,39.951635N,116.341385E,59,136,2,
296,T,21031,94836,39.951680N,116.341388E,60,135,2,
297,T,21031,94837,39.951713N,116.341386E,60,192,344,
298,T,21031,94838,39.951793N,116.341393E,60,221,345,
299,T,21031,94839,39.951866N,116.341381E,60,232,345,
300,T,21031,94840,39.951954N,116.341351E,60,324,346,
301,T,21031,94841,39.952039N,116.341341E,60,334,348,
302,T,21031,94842,39.952126N,116.341328E,60,347,350,
303,T,21031,94843,39.952219N,116.341318E,60,355,351,
304,T,21031,94844,39.952316N,116.341311E,60,373,351,
305,T,21031,94847,39.952621N,116.341271E,59,369,348,
306,T,21031,94848,39.952744N,116.341285E,59,356,347,
307,T,21031,94849,39.952849N,116.341254E,58,357,347,
308,T,21031,94850,39.952956N,116.341221E,58,387,346,
309,T,21031,94851,39.953056N,116.341195E,58,386,346,
310,T,21031,94852,39.953160N,116.341173E,57,393,347,
311,T,21031,94853,39.953261N,116.341150E,57,392,348,
312,T,21031,94854,39.953368N,116.341123E,57,378,348,
313,T,21031,94855,39.953463N,116.341110E,57,369,350,
314,T,21031,94856,39.953559N,116.341086E,57,370,350,
315,T,21031,94857,39.953651N,116.341063E,56,375,349,
316,T,21031,94858,39.953743N,116.341038E,56,375,350,
317,T,21031,94859,39.953836N,116.341020E,56,374,350,
318,T,21031,94900,39.953926N,116.340994E,56,355,350,
319,T,21031,94901,39.954005N,116.340961E,56,329,350,
320,T,21031,94902,39.954088N,116.340935E,56,314,350,
321,T,21031,94903,39.954166N,116.340915E,55,295,350,
322,T,21031,94904,39.954236N,116.340901E,55,301,351,
323,T,21031,94905,39.954316N,116.340881E,56,332,353,
324,T,21031,94906,39.954404N,116.340880E,56,342,353,
325,T,21031,94907,39.954500N,116.340863E,57,358,352,
326,T,21031,94908,39.954583N,116.340853E,57,339,353,
327,T,21031,94909,39.954650N,116.340848E,58,276,355,
328,T,21031,94910,39.954719N,116.340838E,59,231,355,
329,T,21031,94911,39.954781N,116.340818E,60,225,356,
330,T,21031,94912,39.954833N,116.340803E,61,234,355,
331,T,21031,94913,39.954873N,116.340801E,63,169,3,
332,T,21031,94914,39.954893N,116.340780E,64,132,349,
333,T,21031,94915,39.954936N,116.340781E,65,170,347,
334,T,21031,94916,39.954988N,116.340740E,66,200,346,
335,T,21031,94917,39.955038N,116.340709E,68,216,345,
336,T,21031,94918,39.955103N,116.340686E,69,250,346,
337,T,21031,94919,39.955168N,116.340663E,69,272,346,
338,T,21031,94920,39.955221N,116.340635E,70,247,342,
339,T,21031,94921,39.955286N,116.340608E,71,269,341,
340,T,21031,94922,39.955339N,116.340576E,71,317,340,
341,T,21031,94923,39.955413N,116.340548E,72,341,341,
342,T,21031,94924,39.955495N,116.340513E,72,359,341,
343,T,21031,94925,39.955575N,116.340488E,72,346,341,
344,T,21031,94926,39.955648N,116.340463E,72,338,343,
345,T,21031,94927,39.955733N,116.340433E,73,344,344,
346,T,21031,94928,39.955823N,116.340396E,73,353,344,
347,T,21031,94929,39.955914N,116.340365E,73,364,344,
348,T,21031,94930,39.956014N,116.340328E,73,382,344,
349,T,21031,94931,39.956108N,116.340296E,73,386,344,
350,T,21031,94932,39.956209N,116.340261E,73,402,344,
351,T,21031,94933,39.956306N,116.340243E,74,375,345,
352,T,21031,94934,39.956370N,116.340221E,74,304,345,
353,T,21031,94935,39.956441N,116.340203E,74,240,346,
354,T,21031,94936,39.956501N,116.340193E,74,173,346,
355,T,21031,94937,39.956543N,116.340181E,74,116,346,
356,T,21031,94938,39.956583N,116.340183E,74,70,346,
357,T,21031,94939,39.956585N,116.340183E,74,42,346,
358,T,21031,94940,39.956586N,116.340181E,74,0,346,
359,T,21031,94941,39.956589N,116.340181E,74,0,346,
360,T,21031,94942,39.956589N,116.340181E,74,0,346,
361,T,21031,94943,39.956589N,116.340181E,74,0,346,
362,T,21031,94944,39.956589N,116.340181E,74,0,346,
363,T,21031,94945,39.956591N,116.340179E,74,0,346,
364,T,21031,94946,39.956591N,116.340179E,74,0,346,
365,T,21031,94947,39.956591N,116.340179E,74,0,346,
366,T,21031,94948,39.956591N,116.340179E,74,0,346,
367,T,21031,94949,39.956591N,116.340179E,74,0,346,
368,T,21031,94950,39.956593N,116.340179E,74,0,346,
369,T,21031,94951,39.956593N,116.340179E,74,0,346,
370,T,21031,94952,39.956593N,116.340179E,74,0,346,
371,T,21031,94953,39.956593N,116.340179E,74,0,346,
372,T,21031,94954,39.956595N,116.340179E,74,0,346,
373,T,21031,94955,39.956595N,116.340179E,74,0,346,
374,T,21031,94956,39.956595N,116.340179E,74,0,346,
375,T,21031,94957,39.956595N,116.340179E,74,0,346,
376,T,21031,94958,39.956595N,116.340179E,74,0,346,
377,T,21031,94959,39.956596N,116.340179E,74,0,346,
378,T,21031,95000,39.956596N,116.340179E,74,0,346,
379,T,21031,95001,39.956596N,116.340179E,74,0,346,
380,T,21031,95002,39.956596N,116.340179E,74,0,346,
381,T,21031,95003,39.956596N,116.340179E,74,0,346,
382,T,21031,95004,39.956596N,116.340179E,74,0,346,
383,T,21031,95005,39.956596N,116.340179E,74,0,346,
384,T,21031,95006,39.956598N,116.340179E,74,0,346,
385,T,21031,95007,39.956598N,116.340179E,73,0,346,
386,T,21031,95008,39.956598N,116.340183E,73,0,346,
387,T,21031,95009,39.956598N,116.340183E,73,0,346,
388,T,21031,95010,39.956599N,116.340183E,73,0,346,
389,T,21031,95011,39.956599N,116.340185E,73,0,346,
390,T,21031,95012,39.956599N,116.340185E,73,0,346,
391,T,21031,95013,39.956599N,116.340185E,73,0,346,
392,T,21031,95014,39.956599N,116.340185E,73,0,346,
393,T,21031,95017,39.956599N,116.340186E,73,0,346,
394,T,21031,95018,39.956599N,116.340186E,73,0,346,
395,T,21031,95019,39.956599N,116.340188E,73,0,346,
396,T,21031,95020,39.956599N,116.340188E,73,0,346,
397,T,21031,95021,39.956599N,116.340188E,73,0,346,
398,T,21031,95022,39.956599N,116.340188E,73,0,346,
399,T,21031,95023,39.956599N,116.340190E,73,0,346,
400,T,21031,95024,39.956599N,116.340190E,73,0,346,
401,T,21031,95025,39.956599N,116.340196E,73,0,346,
402,T,21031,95026,39.956610N,116.340251E,73,52,346,
403,T,21031,95027,39.956655N,116.340233E,73,89,346,
404,T,21031,95028,39.956700N,116.340173E,73,160,326,
405,T,21031,95029,39.956731N,116.340146E,73,160,326,
406,T,21031,95030,39.956766N,116.340121E,73,136,326,
407,T,21031,95031,39.956803N,116.340108E,73,132,324,
408,C,21031,95034,39.956896N,116.340018E,71,193,318,
409,T,21031,95035,39.956909N,116.339933E,70,237,315,
410,T,21031,95036,39.956919N,116.339844E,70,272,312,
411,T,21031,95037,39.956923N,116.339733E,69,317,268,
412,T,21031,95038,39.956919N,116.339604E,69,375,269,
413,T,21031,95039,39.956918N,116.339465E,68,427,269,
414,T,21031,95040,39.956909N,116.339315E,68,444,267,
415,T,21031,95041,39.956900N,116.339166E,68,437,266,
416,T,21031,95042,39.956896N,116.339006E,68,455,266,
417,T,21031,95043,39.956885N,116.338850E,68,486,266,
418,T,21031,95044,39.956866N,116.338686E,68,508,265,
419,T,21031,95045,39.956853N,116.338520E,68,511,264,
420,T,21031,95046,39.956838N,116.338349E,68,526,264,
421,T,21031,95047,39.956826N,116.338170E,68,541,264,
422,T,21031,95048,39.956814N,116.337995E,68,509,265,
423,T,21031,95049,39.956806N,116.337828E,68,488,265,
424,T,21031,95050,39.956799N,116.337665E,68,462,265,
425,T,21031,95051,39.956796N,116.337516E,68,427,266,
426,T,21031,95052,39.956775N,116.337346E,68,459,265,
427,T,21031,95053,39.956769N,116.337158E,68,468,267,
428,T,21031,95054,39.956769N,116.336985E,68,497,267,
429,T,21031,95055,39.956773N,116.336810E,68,502,268,
430,T,21031,95056,39.956765N,116.336649E,68,517,269,
431,T,21031,95057,39.956765N,116.336480E,68,523,270,
432,T,21031,95058,39.956758N,116.336300E,68,529,270,
433,T,21031,95059,39.956766N,116.336131E,68,518,271,
434,T,21031,95100,39.956771N,116.335970E,68,504,269,
435,T,21031,95101,39.956765N,116.335808E,68,475,268,
436,T,21031,95102,39.956756N,116.335651E,69,476,267,
437,T,21031,95103,39.956741N,116.335495E,69,468,265,
438,T,21031,95104,39.956730N,116.335341E,69,443,264,
439,T,21031,95105,39.956720N,116.335196E,70,399,263,
440,T,21031,95106,39.956706N,116.335069E,70,366,262,
441,T,21031,95107,39.956693N,116.334956E,71,323,262,
442,T,21031,95108,39.956683N,116.334856E,71,287,262,
443,T,21031,95109,39.956679N,116.334765E,72,244,262,
444,T,21031,95110,39.956686N,116.334685E,72,199,266,
445,T,21031,95111,39.956683N,116.334620E,73,152,268,
446,T,21031,95112,39.956681N,116.334564E,74,116,269,
447,T,21031,95113,39.956698N,116.334489E,74,82,269,
448,T,21031,95114,39.956696N,116.334454E,74,58,269,
449,T,21031,95115,39.956694N,116.334453E,74,46,269,
450,T,21031,95116,39.956693N,116.334451E,75,0,269,
451,T,21031,95117,39.956693N,116.334446E,75,0,269,
452,T,21031,95118,39.956693N,116.334446E,75,0,269,
453,T,21031,95119,39.956691N,116.334446E,75,0,269,
454,T,21031,95120,39.956691N,116.334444E,75,0,269,
455,T,21031,95121,39.956691N,116.334444E,75,0,269,
456,T,21031,95122,39.956691N,116.334444E,75,0,269,
457,T,21031,95123,39.956691N,116.334443E,75,0,269,
458,T,21031,95124,39.956691N,116.334443E,75,0,269,
459,T,21031,95125,39.956691N,116.334443E,75,0,269,
460,T,21031,95126,39.956689N,116.334441E,75,0,269,
461,T,21031,95127,39.956689N,116.334441E,75,0,269,
462,T,21031,95128,39.956689N,116.334441E,75,0,269,
463,T,21031,95129,39.956689N,116.334441E,76,0,269,
464,T,21031,95130,39.956689N,116.334440E,76,0,269,
465,T,21031,95131,39.956689N,116.334440E,76,0,269,
466,T,21031,95132,39.956689N,116.334440E,76,0,269,
467,T,21031,95133,39.956689N,116.334440E,76,0,269,
468,T,21031,95134,39.956689N,116.334438E,76,0,269,
469,T,21031,95135,39.956689N,116.334438E,76,0,269,
470,T,21031,95136,39.956689N,116.334438E,76,0,269,
471,T,21031,95137,39.956689N,116.334438E,76,0,269,
472,T,21031,95138,39.956689N,116.334436E,76,0,269,
473,T,21031,95139,39.956689N,116.334436E,76,0,269,
474,T,21031,95140,39.956689N,116.334436E,76,0,269,
475,T,21031,95141,39.956689N,116.334436E,76,0,269,
476,T,21031,95142,39.956689N,116.334435E,76,0,269,
477,T,21031,95143,39.956689N,116.334435E,76,0,269,
478,T,21031,95144,39.956689N,116.334435E,77,0,269,
479,T,21031,95145,39.956689N,116.334435E,77,0,269,
480,T,21031,95146,39.956691N,116.334433E,77,0,269,
481,T,21031,95149,39.956691N,116.334433E,77,0,269,
482,T,21031,95150,39.956691N,116.334431E,77,0,269,
483,T,21031,95151,39.956691N,116.334431E,77,0,269,
484,T,21031,95152,39.956691N,116.334431E,77,0,269,
485,T,21031,95153,39.956691N,116.334431E,77,0,269,
486,T,21031,95154,39.956691N,116.334431E,77,0,269,
487,T,21031,95155,39.956691N,116.334429E,77,0,269,
488,T,21031,95156,39.956693N,116.334429E,77,0,269,
489,T,21031,95157,39.956693N,116.334424E,77,0,269,
490,T,21031,95158,39.956694N,116.334420E,77,48,269,
491,T,21031,95159,39.956694N,116.334313E,77,85,269,
492,T,21031,95200,39.956679N,116.334256E,77,156,268,
493,T,21031,95201,39.956668N,116.334198E,77,176,267,
494,T,21031,95202,39.956668N,116.334139E,77,230,266,
495,T,21031,95203,39.956649N,116.334046E,77,240,265,
496,T,21031,95204,39.956619N,116.333951E,77,270,265,
497,T,21031,95205,39.956608N,116.333868E,77,263,264,
498,T,21031,95206,39.956598N,116.333771E,77,260,263,
499,T,21031,95207,39.956585N,116.333679E,78,260,263,
500,T,21031,95208,39.956565N,116.333594E,78,253,262,
501,T,21031,95209,39.956558N,116.333515E,78,246,263,
502,T,21031,95210,39.956553N,116.333433E,79,258,263,
503,T,21031,95211,39.956541N,116.333350E,79,259,264,
504,T,21031,95212,39.956533N,116.333266E,79,293,265,
505,T,21031,95213,39.956535N,116.333161E,80,303,266,
506,T,21031,95214,39.956533N,116.333026E,80,340,267,
507,T,21031,95215,39.956508N,116.332893E,80,366,268,
508,T,21031,95216,39.956501N,116.332764E,81,397,265,
509,T,21031,95217,39.956503N,116.332620E,81,433,264,
510,T,21031,95218,39.956491N,116.332483E,81,444,264,
511,T,21031,95219,39.956481N,116.332341E,81,436,265,
512,T,21031,95220,39.956469N,116.332194E,81,456,264,
513,T,21031,95221,39.956464N,116.332045E,81,469,266,
514,T,21031,95222,39.956464N,116.331895E,81,447,268,
515,T,21031,95223,39.956466N,116.331748E,82,422,268,
516,T,21031,95224,39.956453N,116.331615E,82,395,264,
517,T,21031,95225,39.956426N,116.331491E,82,389,259,
518,T,21031,95226,39.956391N,116.331365E,82,407,254,
519,T,21031,95227,39.956366N,116.331223E,83,417,252,
520,T,21031,95228,39.956326N,116.331063E,83,430,251,
521,T,21031,95229,39.956315N,116.330919E,83,423,251,
522,T,21031,95230,39.956299N,116.330773E,84,426,251,
523,T,21031,95231,39.956254N,116.330623E,84,404,252,
524,T,21031,95232,39.956233N,116.330508E,84,364,253,
525,T,21031,95233,39.956265N,116.330351E,85,359,259,
526,T,21031,95234,39.956271N,116.330213E,85,347,263,
527,T,21031,95235,39.956270N,116.330108E,86,329,264,
528,T,21031,95236,39.956268N,116.330001E,86,285,265,
529,T,21031,95237,39.956251N,116.329885E,87,252,265,
530,T,21031,95238,39.956205N,116.329778E,87,207,263,
531,T,21031,95239,39.956198N,116.329711E,88,177,262,
532,T,21031,95240,39.956190N,116.329655E,89,151,261,
533,T,21031,95241,39.956184N,116.329610E,89,96,261,
534,T,21031,95242,39.956198N,116.329563E,89,96,261,
535,T,21031,95243,39.956213N,116.329518E,89,99,261,
536,T,21031,95244,39.956216N,116.329468E,89,95,261,
537,T,21031,95245,39.956221N,116.329433E,89,95,261,
538,T,21031,95246,39.956216N,116.329391E,90,117,263,
539,T,21031,95247,39.956218N,116.329353E,91,131,263,
540,T,21031,95248,39.956214N,116.329306E,91,144,263,
541,T,21031,95249,39.956208N,116.329248E,92,160,263,
542,T,21031,95250,39.956194N,116.329175E,92,212,261,
543,T,21031,95251,39.956190N,116.329076E,92,286,261,
544,T,21031,95252,39.956194N,116.328968E,92,335,261,
545,T,21031,95253,39.956223N,116.328814E,93,394,261,
546,T,21031,95254,39.956225N,116.328671E,93,403,262,
547,T,21031,95255,39.956221N,116.328518E,93,455,263,
548,T,21031,95256,39.956216N,116.328368E,93,455,263,
549,T,21031,95257,39.956208N,116.328210E,93,448,264,
550,T,21031,95258,39.956211N,116.328055E,93,430,265,
551,T,21031,95259,39.956206N,116.327911E,93,427,265,
552,T,21031,95300,39.956198N,116.327768E,93,416,265,
553,T,21031,95301,39.956186N,116.327640E,93,377,265,
554,T,21031,95302,39.956186N,116.327508E,93,359,263,
555,T,21031,95303,39.956175N,116.327395E,93,334,263,
556,T,21031,95304,39.956169N,116.327283E,93,329,263,
557,T,21031,95305,39.956171N,116.327164E,93,321,263,
558,T,21031,95306,39.956168N,116.327048E,93,347,263,
559,T,21031,95307,39.956163N,116.326928E,94,338,263,
560,T,21031,95308,39.956158N,116.326803E,94,358,265,
561,T,21031,95309,39.956154N,116.326676E,94,357,264,
562,T,21031,95310,39.956143N,116.326560E,94,345,264,
563,T,21031,95311,39.956111N,116.326446E,94,352,263,
564,T,21031,95312,39.956088N,116.326340E,94,326,264,
565,T,21031,95313,39.956078N,116.326230E,94,335,265,
566,T,21031,95314,39.956074N,116.326103E,95,347,266,
567,T,21031,95315,39.956068N,116.325986E,95,341,267,
568,T,21031,95316,39.956063N,116.325849E,95,368,268,
569,T,21031,95318,39.956058N,116.325591E,96,358,268,
570,T,21031,95319,39.956056N,116.325463E,96,359,268,
571,T,21031,95320,39.956039N,116.325311E,96,381,268,
572,T,21031,95321,39.956025N,116.325176E,96,374,267,
573,T,21031,95322,39.956006N,116.325043E,96,365,266,
574,T,21031,95323,39.955988N,116.324931E,96,334,265,
575,T,21031,95324,39.955978N,116.324800E,96,369,265,
576,T,21031,95325,39.955968N,116.324653E,96,404,264,
577,T,21031,95326,39.955966N,116.324508E,96,404,263,
578,T,21031,95327,39.955958N,116.324378E,97,390,263,
579,T,21031,95328,39.955944N,116.324231E,97,406,264,
580,T,21031,95329,39.955929N,116.324098E,97,373,263,
581,T,21031,95330,39.955931N,116.323963E,97,358,264,
582,T,21031,95331,39.955929N,116.323838E,97,345,264,
583,T,21031,95332,39.955938N,116.323713E,97,319,265,
584,T,21031,95333,39.955936N,116.323589E,98,345,266,
585,T,21031,95334,39.955935N,116.323459E,98,337,266,
586,T,21031,95335,39.955948N,116.323353E,98,279,265,
587,T,21031,95336,39.955963N,116.323278E,98,230,263,
588,T,21031,95337,39.955961N,116.323218E,98,174,262,
589,T,21031,95338,39.955951N,116.323171E,97,157,260,
590,T,21031,95339,39.955939N,116.323121E,97,139,263,
591,T,21031,95340,39.955943N,116.323071E,97,153,270,
592,T,21031,95341,39.955941N,116.323011E,97,173,272,
593,T,21031,95342,39.955929N,116.322941E,97,175,273,
594,T,21031,95343,39.955933N,116.322876E,97,168,274,
595,T,21031,95344,39.955935N,116.322805E,98,159,274,
596,T,21031,95345,39.955933N,116.322738E,98,158,272,
597,T,21031,95346,39.955933N,116.322688E,98,159,272,
598,T,21031,95347,39.955913N,116.322618E,98,137,271,
599,T,21031,95348,39.955911N,116.322573E,98,131,272,
600,T,21031,95349,39.955901N,116.322518E,99,127,272,
601,T,21031,95350,39.955898N,116.322445E,99,86,272,
602,T,21031,95351,39.955886N,116.322404E,98,76,272,
603,T,21031,95352,39.955894N,116.322348E,98,69,272,
604,T,21031,95353,39.955894N,116.322348E,98,0,272,
605,T,21031,95354,39.955894N,116.322348E,98,0,272,
606,T,21031,95355,39.955896N,116.322341E,98,0,272,
607,T,21031,95356,39.955898N,116.322334E,98,0,272,
608,T,21031,95357,39.955898N,116.322334E,98,0,272,
609,T,21031,95358,39.955898N,116.322333E,98,0,272,
610,T,21031,95359,39.955898N,116.322333E,97,0,272,
611,T,21031,95400,39.955898N,116.322331E,97,0,272,
612,T,21031,95401,39.955898N,116.322331E,97,0,272,
613,T,21031,95402,39.955899N,116.322331E,97,0,272,
614,T,21031,95403,39.955899N,116.322330E,97,0,272,
615,T,21031,95404,39.955899N,116.322330E,97,0,272,
616,T,21031,95405,39.955899N,116.322328E,97,0,272,
617,T,21031,95406,39.955899N,116.322328E,97,0,272,
618,T,21031,95407,39.955899N,116.322326E,96,0,272,
619,T,21031,95408,39.955899N,116.322326E,96,0,272,
620,T,21031,95409,39.955899N,116.322326E,96,0,272,
621,T,21031,95410,39.955901N,116.322325E,96,0,272,
622,T,21031,95411,39.955901N,116.322325E,96,0,272,
623,T,21031,95412,39.955901N,116.322323E,96,0,272,
624,T,21031,95413,39.955901N,116.322323E,96,0,272,
625,T,21031,95414,39.955901N,116.322323E,96,0,272,
626,T,21031,95415,39.955901N,116.322321E,96,0,272,
627,T,21031,95416,39.955903N,116.322321E,96,0,272,
628,T,21031,95417,39.955903N,116.322320E,95,0,272,
629,T,21031,95418,39.955903N,116.322320E,95,0,272,
630,T,21031,95419,39.955903N,116.322318E,95,0,272,
631,T,21031,95420,39.955903N,116.322318E,95,0,272,
632,T,21031,95421,39.955903N,116.322316E,95,0,272,
633,T,21031,95422,39.955904N,116.322316E,95,0,272,
634,T,21031,95423,39.955904N,116.322314E,95,0,272,
635,T,21031,95424,39.955904N,116.322314E,95,0,272,
636,T,21031,95425,39.955904N,116.322313E,95,0,272,
637,T,21031,95426,39.955904N,116.322313E,95,0,272,
638,T,21031,95427,39.955906N,116.322311E,95,0,272,
639,T,21031,95428,39.955906N,116.322311E,95,0,272,
640,T,21031,95429,39.955906N,116.322310E,95,0,272,
641,T,21031,95430,39.955906N,116.322310E,94,0,272,
642,T,21031,95431,39.955909N,116.322300E,94,37,272,
643,T,21031,95432,39.955926N,116.322170E,94,78,272,
644,T,21031,95433,39.955924N,116.322119E,94,164,271,
645,T,21031,95434,39.955924N,116.322048E,93,211,271,
646,T,21031,95435,39.955914N,116.321966E,93,255,267,
647,T,21031,95436,39.955921N,116.321868E,92,274,265,
648,T,21031,95437,39.955909N,116.321755E,92,335,265,
649,T,21031,95438,39.955881N,116.321623E,91,400,263,
650,T,21031,95439,39.955849N,116.321476E,91,423,261,
651,T,21031,95440,39.955836N,116.321326E,91,441,261,
652,T,21031,95441,39.955824N,116.321166E,90,417,260,
653,T,21031,95442,39.955814N,116.321021E,90,410,261,
654,T,21031,95443,39.955801N,116.320885E,90,414,261,
655,T,21031,95444,39.955786N,116.320743E,90,408,263,
656,T,21031,95445,39.955781N,116.320593E,89,427,264,
657,T,21031,95446,39.955758N,116.320436E,89,437,265,
658,T,21031,95447,39.955743N,116.320285E,88,431,266,
659,T,21031,95448,39.955726N,116.320131E,88,432,263,
660,T,21031,95449,39.955710N,116.319995E,88,422,263,
661,T,21031,95452,39.955665N,116.319528E,87,459,265,
662,T,21031,95453,39.955656N,116.319371E,87,450,264,
663,T,21031,95454,39.955650N,116.319215E,87,432,264,
664,T,21031,95455,39.955636N,116.319063E,87,432,264,
665,T,21031,95456,39.955624N,116.318925E,88,400,264,
666,T,21031,95457,39.955618N,116.318791E,88,400,264,
667,T,21031,95458,39.955608N,116.318660E,88,392,264,
668,T,21031,95459,39.955594N,116.318533E,88,380,265,
669,T,21031,95500,39.955588N,116.318411E,88,374,264,
670,T,21031,95501,39.955585N,116.318296E,88,367,265,
671,T,21031,95502,39.955585N,116.318175E,88,367,266,
672,T,21031,95503,39.955581N,116.318063E,88,343,268,
673,T,21031,95504,39.955586N,116.317955E,89,331,268,
674,T,21031,95505,39.955581N,116.317846E,89,308,267,
675,T,21031,95506,39.955578N,116.317771E,89,267,270,
676,C,21031,95508,39.955589N,116.317585E,88,240,270,
677,T,21031,95509,39.955609N,116.317523E,87,139,271,
678,T,21031,95510,39.955618N,116.317481E,85,135,281,
679,T,21031,95511,39.955634N,116.317458E,84,111,290,
680,T,21031,95512,39.955675N,116.317426E,83,160,323,
681,T,21031,95513,39.955720N,116.317406E,81,198,328,
682,T,21031,95514,39.955773N,116.317381E,80,223,334,
683,T,21031,95515,39.955836N,116.317370E,79,285,341,
684,T,21031,95516,39.955914N,116.317361E,78,354,346,
685,T,21031,95517,39.956004N,116.317361E,77,390,350,
686,T,21031,95518,39.956106N,116.317353E,76,398,353,
687,T,21031,95519,39.956211N,116.317338E,75,408,353,
688,T,21031,95520,39.956318N,116.317320E,74,425,353,
689,T,21031,95521,39.956431N,116.317300E,74,451,353,
690,T,21031,95522,39.956548N,116.317286E,73,460,353,
691,T,21031,95523,39.956670N,116.317275E,73,476,353,
692,T,21031,95524,39.956795N,116.317260E,73,499,353,
693,T,21031,95525,39.956916N,116.317248E,72,470,354,
694,T,21031,95526,39.957021N,116.317244E,72,484,354,
695,T,21031,95527,39.957193N,116.317211E,72,562,355,
696,T,21031,95528,39.957358N,116.317206E,72,551,355,
697,T,21031,95529,39.957498N,116.317178E,71,516,354,
698,T,21031,95530,39.957623N,116.317131E,71,515,352,
699,T,21031,95531,39.957763N,116.317109E,70,551,353,
700,T,21031,95532,39.957916N,116.317084E,69,574,354,
701,T,21031,95533,39.958078N,116.317051E,69,594,353,
702,T,21031,95534,39.958241N,116.317019E,68,598,353,
703,T,21031,95535,39.958396N,116.316978E,67,580,352,
704,T,21031,95536,39.958540N,116.316929E,66,547,352,
705,T,21031,95537,39.958660N,116.316881E,65,530,351,
706,T,21031,95538,39.958785N,116.316845E,65,495,352,
707,T,21031,95539,39.958905N,116.316818E,64,502,352,
708,T,21031,95540,39.959030N,116.316803E,64,500,353,
709,T,21031,95541,39.959161N,116.316796E,64,512,354,
710,T,21031,95542,39.959301N,116.316796E,64,562,355,
711,T,21031,95543,39.959446N,116.316804E,64,557,355,
712,T,21031,95544,39.959586N,116.316791E,64,577,355,
713,T,21031,95545,39.959748N,116.316768E,64,590,355,
714,T,21031,95546,39.959898N,116.316758E,64,607,356,
715,T,21031,95547,39.960054N,116.316748E,64,599,355,
716,T,21031,95548,39.960201N,116.316728E,65,585,354,
717,T,21031,95549,39.960359N,116.316720E,65,596,354,
718,T,21031,95550,39.960496N,116.316706E,65,574,355,
719,T,21031,95551,39.960635N,116.316688E,65,596,355,
720,T,21031,95552,39.960768N,116.316661E,66,590,354,
721,T,21031,95553,39.960931N,116.316636E,66,598,354,
722,T,21031,95554,39.961093N,116.316604E,66,599,354,
723,T,21031,95555,39.961241N,116.316581E,65,599,354,
724,T,21031,95556,39.961398N,116.316543E,65,602,354,
725,T,21031,95557,39.961559N,116.316501E,65,601,354,
726,T,21031,95558,39.961708N,116.316479E,64,606,354,
727,T,21031,95559,39.961856N,116.316451E,63,592,354,
728,T,21031,95600,39.961998N,116.316426E,62,585,354,
729,T,21031,95601,39.962145N,116.316403E,61,578,353,
730,T,21031,95602,39.962285N,116.316376E,59,561,352,
731,T,21031,95603,39.962421N,116.316344E,58,575,351,
732,T,21031,95604,39.962558N,116.316313E,57,566,350,
733,T,21031,95605,39.962690N,116.316281E,56,527,350,
734,T,21031,95606,39.962821N,116.316256E,55,503,350,
735,T,21031,95607,39.962941N,116.316228E,54,484,350,
736,T,21031,95608,39.963061N,116.316198E,53,484,349,
737,T,21031,95609,39.963183N,116.316166E,53,515,349,
738,T,21031,95610,39.963311N,116.316116E,52,541,347,
739,T,21031,95611,39.963436N,116.316078E,51,522,346,
740,T,21031,95612,39.963566N,116.316036E,50,522,346,
741,T,21031,95613,39.963691N,116.315993E,50,516,344,
742,T,21031,95614,39.963803N,116.315928E,49,504,343,
743,T,21031,95615,39.963918N,116.315883E,48,480,343,
744,T,21031,95616,39.964036N,116.315836E,47,446,343,
745,T,21031,95617,39.964143N,116.315794E,46,430,343,
746,T,21031,95618,39.964236N,116.315760E,45,367,343,
747,T,21031,95619,39.964313N,116.315728E,43,323,344,
748,T,21031,95620,39.964405N,116.315695E,42,285,344,
749,T,21031,95623,39.964576N,116.315635E,38,143,347,
750,T,21031,95624,39.964594N,116.315623E,37,102,348,
751,T,21031,95625,39.964596N,116.315623E,36,47,348,
752,T,21031,95626,39.964596N,116.315623E,36,0,348,
753,T,21031,95627,39.964596N,116.315623E,34,0,348,
754,T,21031,95628,39.964596N,116.315623E,33,0,348,
755,T,21031,95629,39.964596N,116.315621E,33,0,348,
756,T,21031,95630,39.964596N,116.315621E,32,0,348,
757,T,21031,95631,39.964596N,116.315621E,32,0,348,
758,T,21031,95632,39.964598N,116.315621E,32,0,348,
759,T,21031,95633,39.964598N,116.315621E,32,0,348,
760,T,21031,95634,39.964598N,116.315621E,31,0,348,
761,T,21031,95635,39.964598N,116.315621E,31,0,348,
762,T,21031,95636,39.964598N,116.315621E,31,0,348,
763,T,21031,95637,39.964598N,116.315621E,31,0,348,
764,T,21031,95638,39.964598N,116.315621E,31,0,348,
765,T,21031,95639,39.964598N,116.315621E,30,0,348,
766,T,21031,95640,39.964598N,116.315620E,30,0,348,
767,T,21031,95641,39.964598N,116.315620E,30,0,348,
768,T,21031,95642,39.964598N,116.315620E,30,0,348,
769,T,21031,95643,39.964598N,116.315620E,30,0,348,
770,T,21031,95644,39.964598N,116.315620E,30,0,348,
771,T,21031,95645,39.964600N,116.315620E,29,0,348,
772,T,21031,95646,39.964600N,116.315620E,29,0,348,
773,T,21031,95647,39.964600N,116.315620E,29,0,348,
774,T,21031,95648,39.964600N,116.315620E,29,0,348,
775,T,21031,95649,39.964600N,116.315620E,29,0,348,
776,T,21031,95650,39.964600N,116.315618E,29,0,348,
777,T,21031,95651,39.964600N,116.315618E,29,0,348,
778,T,21031,95652,39.964600N,116.315618E,28,0,348,
779,T,21031,95653,39.964600N,116.315618E,28,0,348,
780,T,21031,95654,39.964600N,116.315618E,28,0,348,
781,T,21031,95655,39.964600N,116.315618E,28,0,348,
782,T,21031,95656,39.964600N,116.315618E,28,0,348,
783,T,21031,95657,39.964600N,116.315618E,28,0,348,
784,T,21031,95658,39.964601N,116.315618E,28,0,348,
785,T,21031,95659,39.964601N,116.315616E,28,0,348,
786,T,21031,95700,39.964601N,116.315616E,27,0,348,
787,T,21031,95701,39.964601N,116.315616E,27,0,348,
788,T,21031,95702,39.964601N,116.315616E,27,0,348,
789,T,21031,95703,39.964601N,116.315616E,27,0,348,
790,T,21031,95704,39.964601N,116.315616E,27,0,348,
791,T,21031,95705,39.964601N,116.315616E,27,0,348,
792,T,21031,95706,39.964601N,116.315616E,27,0,348,
793,T,21031,95707,39.964601N,116.315616E,27,0,348,
794,T,21031,95708,39.964603N,116.315614E,27,0,348,
795,T,21031,95709,39.964603N,116.315611E,26,0,348,
796,T,21031,95710,39.964606N,116.315610E,26,39,348,
797,T,21031,95711,39.964643N,116.315575E,26,50,348,
798,T,21031,95712,39.964658N,116.315566E,26,56,348,
799,T,21031,95713,39.964660N,116.315566E,26,49,348,
800,T,21031,95714,39.964661N,116.315565E,26,45,348,
801,T,21031,95715,39.964665N,116.315563E,26,44,348,
802,T,21031,95716,39.964668N,116.315559E,26,43,348,
803,T,21031,95717,39.964673N,116.315556E,26,0,348,
804,T,21031,95718,39.964676N,116.315553E,26,0,348,
805,T,21031,95719,39.964679N,116.315549E,26,0,348,
806,T,21031,95720,39.964681N,116.315548E,26,0,348,
807,T,21031,95721,39.964681N,116.315548E,26,0,348,
808,T,21031,95722,39.964681N,116.315548E,26,0,348,
809,T,21031,95723,39.964681N,116.315548E,26,0,348,
810,T,21031,95724,39.964681N,116.315546E,26,0,348,
811,T,21031,95725,39.964681N,116.315546E,26,0,348,
812,T,21031,95726,39.964681N,116.315546E,26,0,348,
813,T,21031,95727,39.964683N,116.315546E,26,0,348,
814,T,21031,95728,39.964683N,116.315545E,26,0,348,
815,T,21031,95729,39.964683N,116.315545E,26,0,348,
816,T,21031,95730,39.964683N,116.315545E,26,0,348,
817,T,21031,95731,39.964683N,116.315545E,26,0,348,
818,T,21031,95732,39.964683N,116.315543E,26,0,348,
819,T,21031,95733,39.964683N,116.315543E,27,0,348,
820,T,21031,95734,39.964683N,116.315543E,27,0,348,
821,T,21031,95735,39.964683N,116.315543E,27,0,348,
822,T,21031,95736,39.964683N,116.315541E,27,0,348,
823,T,21031,95737,39.964684N,116.315541E,27,0,348,
824,T,21031,95738,39.964684N,116.315541E,27,0,348,
825,T,21031,95739,39.964684N,116.315541E,27,0,348,
826,T,21031,95740,39.964684N,116.315540E,27,0,348,
827,T,21031,95741,39.964684N,116.315540E,27,0,348,
828,T,21031,95742,39.964684N,116.315540E,27,0,348,
829,T,21031,95743,39.964684N,116.315540E,27,0,348,
830,T,21031,95744,39.964684N,116.315540E,27,0,348,
831,T,21031,95745,39.964684N,116.315538E,27,0,348,
832,T,21031,95746,39.964686N,116.315538E,27,0,348,
833,T,21031,95747,39.964686N,116.315538E,27,0,348,
834,T,21031,95748,39.964686N,116.315538E,27,0,348,
835,T,21031,95749,39.964686N,116.315538E,27,0,348,
836,T,21031,95750,39.964686N,116.315538E,27,0,348,
837,T,21031,95753,39.964688N,116.315536E,27,0,348,
838,T,21031,95754,39.964688N,116.315536E,27,0,348,
839,T,21031,95755,39.964688N,116.315536E,28,0,348,
840,T,21031,95756,39.964688N,116.315536E,28,0,348,
841,T,21031,95757,39.964688N,116.315534E,28,0,348,
842,T,21031,95758,39.964690N,116.315534E,28,0,348,
843,T,21031,95759,39.964690N,116.315534E,28,0,348,
844,T,21031,95800,39.964690N,116.315534E,28,0,348,
845,T,21031,95801,39.964690N,116.315534E,28,0,348,
846,T,21031,95802,39.964690N,116.315534E,28,0,348,
847,T,21031,95803,39.964690N,116.315534E,28,0,348,
848,T,21031,95804,39.964690N,116.315533E,28,0,348,
849,T,21031,95805,39.964691N,116.315533E,28,0,348,
850,T,21031,95806,39.964693N,116.315531E,28,0,348,
851,T,21031,95807,39.964698N,116.315530E,28,48,348,
852,T,21031,95808,39.964779N,116.315500E,28,104,346,
853,T,21031,95809,39.964813N,116.315488E,29,129,345,
854,T,21031,95810,39.964839N,116.315486E,29,122,345,
855,T,21031,95811,39.964869N,116.315480E,30,122,344,
856,T,21031,95812,39.964903N,116.315465E,30,116,344,
857,T,21031,95813,39.964931N,116.315449E,31,120,343,
858,T,21031,95814,39.964974N,116.315435E,31,147,343,
859,T,21031,95815,39.965019N,116.315416E,31,182,343,
860,T,21031,95816,39.965068N,116.315398E,32,187,343,
861,T,21031,95817,39.965115N,116.315386E,32,205,345,
862,T,21031,95818,39.965180N,116.315366E,33,212,345,
863,T,21031,95819,39.965233N,116.315351E,34,199,345,
864,T,21031,95820,39.965280N,116.315340E,34,161,347,
865,C,21031,95821,39.965311N,116.315323E,35,144,347,
866,T,21031,95823,39.965371N,116.315283E,36,72,347,
867,T,21031,95824,39.965374N,116.315266E,36,73,347,
868,T,21031,95825,39.965388N,116.315241E,36,84,347,
869,T,21031,95826,39.965388N,116.315215E,36,91,347,
870,T,21031,95827,39.965379N,116.315184E,36,90,347,
871,T,21031,95828,39.965361N,116.315154E,37,136,194,
872,T,21031,95829,39.965331N,116.315141E,38,194,171,
873,T,21031,95830,39.965283N,116.315164E,39,221,164,
874,T,21031,95831,39.965223N,116.315201E,40,309,161,
875,T,21031,95832,39.965146N,116.315240E,40,355,160,
876,T,21031,95833,39.965055N,116.315285E,41,392,160,
877,T,21031,95834,39.964953N,116.315336E,41,423,160,
878,T,21031,95835,39.964849N,116.315390E,42,436,160,
879,T,21031,95836,39.964743N,116.315438E,42,458,160,
880,T,21031,95837,39.964631N,116.315480E,43,464,161,
881,T,21031,95838,39.964511N,116.315521E,43,494,162,
882,T,21031,95839,39.964383N,116.315566E,44,515,162,
883,T,21031,95840,39.964248N,116.315613E,44,533,162,
884,T,21031,95841,39.964113N,116.315663E,44,533,163,
885,T,21031,95842,39.963971N,116.315703E,44,544,163,
886,T,21031,95843,39.963833N,116.315751E,44,540,163,
887,T,21031,95844,39.963696N,116.315800E,44,540,164,
888,T,21031,95845,39.963561N,116.315851E,44,535,165,
889,T,21031,95846,39.963428N,116.315895E,45,546,166,
890,T,21031,95847,39.963291N,116.315933E,45,534,167,
891,T,21031,95848,39.963156N,116.315970E,45,529,168,
892,T,21031,95849,39.963023N,116.316005E,45,514,168,
893,T,21031,95850,39.962898N,116.316041E,45,498,168,
894,T,21031,95851,39.962781N,116.316071E,45,452,169,
895,T,21031,95852,39.962686N,116.316090E,45,436,169,
896,T,21031,95853,39.962578N,116.316110E,45,442,169,
897,T,21031,95854,39.962469N,116.316136E,46,445,170,
898,T,21031,95855,39.962371N,116.316160E,46,471,169,
899,T,21031,95856,39.962256N,116.316191E,46,486,169,
900,T,21031,95857,39.962151N,116.316230E,46,493,170,
901,T,21031,95858,39.962033N,116.316261E,46,494,171,
902,T,21031,95859,39.961905N,116.316293E,46,505,171,
903,T,21031,95900,39.961766N,116.316320E,47,510,171,
904,T,21031,95901,39.961628N,116.316343E,47,530,172,
905,T,21031,95902,39.961496N,116.316363E,47,538,173,
906,T,21031,95903,39.961354N,116.316376E,48,538,173,
907,T,21031,95904,39.961204N,116.316396E,48,549,174,
908,T,21031,95905,39.961061N,116.316418E,48,557,174,
909,T,21031,95906,39.960923N,116.316434E,48,547,174,
910,T,21031,95907,39.960781N,116.316445E,48,551,174,
911,T,21031,95908,39.960650N,116.316456E,48,550,174,
912,T,21031,95909,39.960511N,116.316473E,47,549,174,
913,T,21031,95910,39.960368N,116.316495E,47,546,174,
914,T,21031,95911,39.960233N,116.316516E,47,547,174,
915,T,21031,95912,39.960098N,116.316533E,46,555,174,
916,T,21031,95913,39.959966N,116.316550E,46,541,174,
917,T,21031,95914,39.959831N,116.316568E,46,542,174,
918,T,21031,95915,39.959703N,116.316586E,45,549,174,
919,T,21031,95916,39.959563N,116.316601E,45,560,175,
920,T,21031,95917,39.959421N,116.316613E,45,565,175,
921,T,21031,95918,39.959276N,116.316628E,44,571,175,
922,T,21031,95919,39.959133N,116.316649E,44,561,174,
923,T,21031,95920,39.958995N,116.316669E,44,555,174,
924,T,21031,95921,39.958860N,116.316693E,44,518,172,
925,T,21031,95924,39.958418N,116.316753E,43,525,173,
926,T,21031,95925,39.958296N,116.316773E,43,526,173,
927,T,21031,95926,39.958151N,116.316788E,43,532,173,
928,T,21031,95927,39.958033N,116.316803E,43,526,173,
929,T,21031,95928,39.957898N,116.316820E,43,535,174,
930,T,21031,95929,39.957758N,116.316839E,43,519,173,
931,T,21031,95930,39.957644N,116.316866E,43,520,173,
932,T,21031,95931,39.957515N,116.316898E,43,517,172,
933,T,21031,95932,39.957374N,116.316916E,42,529,173,
934,T,21031,95933,39.957254N,116.316939E,42,530,173,
935,T,21031,95934,39.957123N,116.316961E,43,527,173,
936,T,21031,95935,39.956990N,116.316983E,44,527,174,
937,T,21031,95936,39.956861N,116.316991E,44,516,175,
938,T,21031,95937,39.956726N,116.317003E,45,517,175,
939,T,21031,95938,39.956588N,116.317015E,45,516,175,
940,T,21031,95939,39.956456N,116.317031E,46,486,175,
941,T,21031,95940,39.956334N,116.317041E,47,464,175,
942,T,21031,95941,39.956216N,116.317060E,48,436,175,
943,T,21031,95942,39.956106N,116.317084E,48,407,175,
944,T,21031,95943,39.956003N,116.317106E,48,403,174,
945,T,21031,95944,39.955903N,116.317114E,48,382,175,
946,T,21031,95945,39.955816N,116.317118E,48,327,175,
947,T,21031,95946,39.955746N,116.317116E,48,253,174,
948,T,21031,95947,39.955691N,116.317131E,48,205,169,
949,T,21031,95948,39.955643N,116.317143E,48,188,164,
950,C,21031,95950,39.955564N,116.317221E,49,189,135,
951,T,21031,95951,39.955533N,116.317296E,49,252,128,
952,T,21031,95952,39.955508N,116.317370E,48,253,120,
953,T,21031,95953,39.955488N,116.317450E,48,257,112,
954,T,21031,95954,39.955476N,116.317533E,48,265,106,
955,T,21031,95955,39.955474N,116.317626E,48,312,98,
956,T,21031,95956,39.955483N,116.317731E,48,319,91,
957,T,21031,95957,39.955493N,116.317839E,48,343,87,
958,T,21031,95958,39.955503N,116.317953E,48,338,86,
959,T,21031,95959,39.955521N,116.318065E,48,358,83,
960,T,21031,100000,39.955536N,116.318184E,48,372,82,
961,T,21031,100001,39.955548N,116.318308E,48,371,82,
962,T,21031,100002,39.955556N,116.318429E,48,372,83,
963,T,21031,100003,39.955570N,116.318558E,48,396,83,
964,T,21031,100004,39.955586N,116.318691E,48,411,82,
965,T,21031,100005,39.955589N,116.318835E,48,434,84,
966,T,21031,100006,39.955591N,116.318981E,48,442,86,
967,T,21031,100007,39.955598N,116.319134E,48,473,87,
968,T,21031,100008,39.955603N,116.319286E,48,461,88,
969,T,21031,100009,39.955608N,116.319436E,48,443,87,
970,T,21031,100010,39.955598N,116.319593E,48,442,87,
971,T,21031,100011,39.955600N,116.319741E,48,422,87,
972,T,21031,100012,39.955601N,116.319876E,48,398,87,
973,T,21031,100013,39.955598N,116.320013E,49,379,86,
974,T,21031,100014,39.955586N,116.320139E,49,345,86,
975,T,21031,100015,39.955591N,116.320245E,49,316,86,
976,T,21031,100016,39.955600N,116.320335E,49,258,85,
977,T,21031,100017,39.955613N,116.320419E,49,234,84,
978,T,21031,100018,39.955609N,116.320485E,49,178,91,
979,T,21031,100019,39.955615N,116.320548E,49,183,94,
980,T,21031,100020,39.955624N,116.320606E,49,158,95,
981,T,21031,100021,39.955628N,116.320661E,49,140,90,
982,T,21031,100022,39.955660N,116.320736E,49,95,90,
983,T,21031,100023,39.955660N,116.320738E,49,47,90,
984,T,21031,100024,39.955661N,116.320743E,49,0,90,
985,T,21031,100025,39.955663N,116.320746E,49,0,90,
986,T,21031,100026,39.955663N,116.320746E,49,0,90,
987,T,21031,100027,39.955663N,116.320746E,49,0,90,
988,T,21031,100028,39.955663N,116.320748E,49,0,90,
989,T,21031,100029,39.955663N,116.320753E,49,0,90,
990,T,21031,100030,39.955663N,116.320760E,49,45,90,
991,T,21031,100031,39.955666N,116.320848E,49,66,90,
992,T,21031,100032,39.955673N,116.320875E,50,96,90,
993,T,21031,100033,39.955679N,116.320914E,50,96,90,
994,T,21031,100034,39.955688N,116.320951E,50,100,85,
995,T,21031,100035,39.955690N,116.320986E,50,101,90,
996,T,21031,100036,39.955701N,116.321028E,50,106,93,
997,T,21031,100037,39.955703N,116.321070E,50,100,94,
998,T,21031,100038,39.955699N,116.321116E,51,119,93,
999,T,21031,100039,39.955699N,116.321173E,51,139,92,
1000,T,21031,100040,39.955699N,116.321223E,51,152,92,
1001,T,21031,100041,39.955696N,116.321293E,51,187,90,
1002,T,21031,100042,39.955696N,116.321366E,51,215,92,
1003,T,21031,100043,39.955703N,116.321445E,51,216,92,
1004,T,21031,100044,39.955701N,116.321530E,51,239,92,
1005,T,21031,100045,39.955710N,116.321623E,51,278,86,
1006,T,21031,100046,39.955705N,116.321743E,51,330,85,
1007,T,21031,100047,39.955714N,116.321866E,51,364,85,
1008,T,21031,100048,39.955721N,116.321993E,52,386,84,
1009,T,21031,100049,39.955744N,116.322121E,52,400,84,
1010,T,21031,100050,39.955763N,116.322258E,52,425,83,
1011,T,21031,100051,39.955771N,116.322406E,52,450,84,
1012,T,21031,100052,39.955776N,116.322556E,53,459,85,
1013,T,21031,100055,39.955806N,116.323038E,53,483,84,
1014,T,21031,100056,39.955830N,116.323191E,53,490,84,
1015,T,21031,100057,39.955845N,116.323341E,53,486,84,
1016,T,21031,100058,39.955854N,116.323486E,53,467,84,
1017,T,21031,100059,39.955869N,116.323640E,53,468,84,
1018,T,21031,100100,39.955878N,116.323791E,52,441,85,
1019,T,21031,100101,39.955883N,116.323948E,52,432,86,
1020,T,21031,100102,39.955886N,116.324091E,52,422,86,
1021,T,21031,100103,39.955888N,116.324238E,52,431,86,
1022,T,21031,100104,39.955904N,116.324373E,51,424,84,
1023,T,21031,100105,39.955921N,116.324515E,51,436,83,
1024,T,21031,100106,39.955939N,116.324658E,51,454,82,
1025,T,21031,100107,39.955956N,116.324808E,51,472,83,
1026,T,21031,100108,39.955965N,116.324958E,51,461,84,
1027,T,21031,100109,39.955976N,116.325103E,52,451,85,
1028,T,21031,100110,39.955984N,116.325248E,52,443,85,
1029,T,21031,100111,39.955996N,116.325391E,52,441,86,
1030,T,21031,100112,39.956018N,116.325533E,53,426,85,
1031,T,21031,100113,39.956036N,116.325673E,53,422,84,
1032,T,21031,100114,39.956045N,116.325806E,54,394,85,
1033,T,21031,100115,39.956041N,116.325939E,54,384,86,
1034,T,21031,100116,39.956039N,116.326066E,55,382,89,
1035,T,21031,100117,39.956041N,116.326208E,55,421,88,
1036,T,21031,100118,39.956046N,116.326358E,55,421,87,
1037,T,21031,100119,39.956048N,116.326499E,56,411,86,
1038,T,21031,100120,39.956056N,116.326641E,56,432,85,
1039,T,21031,100121,39.956068N,116.326785E,56,448,85,
1040,T,21031,100122,39.956084N,116.326921E,56,448,84,
1041,T,21031,100123,39.956094N,116.327071E,56,445,84,
1042,T,21031,100124,39.956108N,116.327209E,56,456,85,
1043,T,21031,100125,39.956115N,116.327353E,55,460,86,
1044,T,21031,100126,39.956128N,116.327508E,55,454,86,
1045,T,21031,100127,39.956136N,116.327651E,54,435,86,
1046,T,21031,100128,39.956148N,116.327785E,54,405,85,
1047,T,21031,100129,39.956154N,116.327918E,54,394,85,
1048,T,21031,100130,39.956153N,116.328048E,54,384,87,
1049,T,21031,100131,39.956160N,116.328173E,54,358,88,
1050,T,21031,100132,39.956168N,116.328278E,54,295,87,
1051,T,21031,100133,39.956171N,116.328370E,54,237,86,
1052,T,21031,100134,39.956180N,116.328441E,54,187,86,
1053,T,21031,100135,39.956193N,116.328503E,54,141,86,
1054,T,21031,100136,39.956203N,116.328549E,53,121,84,
1055,T,21031,100137,39.956208N,116.328581E,53,106,84,
1056,T,21031,100138,39.956201N,116.328608E,53,98,84,
1057,T,21031,100139,39.956198N,116.328633E,53,66,84,
1058,T,21031,100140,39.956198N,116.328634E,53,38,84,
1059,T,21031,100141,39.956198N,116.328634E,53,0,84,
1060,T,21031,100142,39.956198N,116.328636E,53,0,84,
1061,T,21031,100143,39.956198N,116.328636E,53,0,84,
1062,T,21031,100144,39.956198N,116.328636E,52,0,84,
1063,T,21031,100145,39.956198N,116.328636E,52,0,84,
1064,T,21031,100146,39.956196N,116.328636E,52,0,84,
1065,T,21031,100147,39.956196N,116.328638E,52,0,84,
1066,T,21031,100148,39.956196N,116.328638E,52,0,84,
1067,T,21031,100149,39.956196N,116.328638E,52,0,84,
1068,T,21031,100150,39.956196N,116.328638E,52,0,84,
1069,T,21031,100151,39.956196N,116.328638E,52,0,84,
1070,T,21031,100152,39.956196N,116.328639E,52,0,84,
1071,T,21031,100153,39.956196N,116.328639E,52,0,84,
1072,T,21031,100154,39.956196N,116.328639E,52,0,84,
1073,T,21031,100155,39.956194N,116.328639E,52,0,84,
1074,T,21031,100156,39.956194N,116.328639E,52,0,84,
1075,T,21031,100157,39.956194N,116.328641E,52,0,84,
1076,T,21031,100158,39.956194N,116.328641E,52,0,84,
1077,T,21031,100159,39.956194N,116.328641E,51,0,84,
1078,T,21031,100200,39.956194N,116.328641E,51,0,84,
1079,T,21031,100201,39.956194N,116.328643E,51,0,84,
1080,T,21031,100202,39.956194N,116.328643E,51,0,84,
1081,T,21031,100203,39.956194N,116.328643E,51,0,84,
1082,T,21031,100204,39.956194N,116.328643E,51,0,84,
1083,T,21031,100205,39.956194N,116.328643E,51,0,84,
1084,T,21031,100206,39.956193N,116.328645E,51,0,84,
1085,T,21031,100207,39.956193N,116.328645E,51,0,84,
1086,T,21031,100208,39.956193N,116.328645E,51,0,84,
1087,T,21031,100209,39.956193N,116.328645E,51,0,84,
1088,T,21031,100210,39.956193N,116.328645E,51,0,84,
1089,T,21031,100211,39.956193N,116.328645E,51,0,84,
1090,T,21031,100212,39.956193N,116.328646E,51,0,84,
1091,T,21031,100213,39.956193N,116.328646E,51,0,84,
1092,T,21031,100214,39.956193N,116.328646E,51,0,84,
1093,T,21031,100215,39.956193N,116.328646E,51,0,84,
1094,T,21031,100216,39.956193N,116.328646E,51,0,84,
1095,T,21031,100217,39.956193N,116.328648E,51,0,84,
1096,T,21031,100218,39.956191N,116.328648E,51,0,84,
1097,T,21031,100219,39.956191N,116.328648E,51,0,84,
1098,T,21031,100220,39.956191N,116.328648E,51,0,84,
1099,T,21031,100221,39.956191N,116.328648E,51,0,84,
1100,T,21031,100222,39.956191N,116.328650E,51,0,84,
1101,T,21031,100224,39.956191N,116.328650E,50,0,84,
1102,T,21031,100225,39.956191N,116.328650E,50,0,84,
1103,T,21031,100226,39.956191N,116.328650E,50,0,84,
1104,T,21031,100227,39.956191N,116.328650E,50,0,84,
1105,T,21031,100230,39.956190N,116.328651E,50,0,84,
1106,T,21031,100231,39.956190N,116.328651E,50,0,84,
1107,T,21031,100232,39.956190N,116.328651E,50,0,84,
1108,T,21031,100233,39.956190N,116.328651E,50,0,84,
1109,T,21031,100234,39.956190N,116.328653E,50,0,84,
1110,T,21031,100235,39.956190N,116.328653E,50,0,84,
1111,T,21031,100236,39.956190N,116.328653E,50,0,84,
1112,T,21031,100237,39.956190N,116.328653E,50,0,84,
1113,T,21031,100238,39.956190N,116.328653E,50,0,84,
1114,T,21031,100239,39.956190N,116.328653E,50,0,84,
1115,T,21031,100240,39.956190N,116.328654E,50,0,84,
1116,T,21031,100241,39.956190N,116.328654E,50,0,84,
1117,T,21031,100242,39.956190N,116.328654E,50,0,84,
1118,T,21031,100243,39.956190N,116.328654E,50,0,84,
1119,T,21031,100244,39.956188N,116.328654E,50,0,84,
1120,T,21031,100245,39.956188N,116.328654E,50,0,84,
1121,T,21031,100246,39.956188N,116.328654E,50,0,84,
1122,T,21031,100247,39.956188N,116.328656E,50,0,84,
1123,T,21031,100248,39.956188N,116.328656E,50,0,84,
1124,T,21031,100249,39.956188N,116.328656E,50,0,84,
1125,T,21031,100250,39.956188N,116.328656E,50,0,84,
1126,T,21031,100251,39.956188N,116.328656E,50,0,84,
1127,T,21031,100252,39.956188N,116.328656E,50,0,84,
1128,T,21031,100253,39.956188N,116.328658E,50,0,84,
1129,T,21031,100254,39.956188N,116.328658E,50,0,84,
1130,T,21031,100255,39.956188N,116.328658E,50,0,84,
1131,T,21031,100256,39.956188N,116.328658E,50,0,84,
1132,T,21031,100257,39.956188N,116.328658E,50,0,84,
1133,T,21031,100258,39.956186N,116.328661E,50,0,84,
1134,T,21031,100259,39.956181N,116.328698E,50,191,77,
1135,T,21031,100300,39.956213N,116.328806E,50,287,76,
1136,T,21031,100301,39.956239N,116.328933E,49,333,78,
1137,T,21031,100302,39.956246N,116.329054E,49,368,80,
1138,T,21031,100303,39.956266N,116.329194E,49,398,81,
1139,T,21031,100304,39.956278N,116.329331E,49,405,82,
1140,T,21031,100305,39.956288N,116.329473E,49,420,82,
1141,T,21031,100306,39.956296N,116.329628E,49,429,82,
1142,T,21031,100307,39.956316N,116.329795E,49,467,82,
1143,T,21031,100308,39.956326N,116.329965E,49,489,84,
1144,T,21031,100309,39.956336N,116.330126E,49,479,84,
1145,T,21031,100310,39.956338N,116.330290E,49,490,86,
1146,T,21031,100311,39.956343N,116.330451E,49,476,88,
1147,T,21031,100312,39.956348N,116.330601E,49,437,88,
1148,T,21031,100313,39.956360N,116.330739E,49,392,87,
1149,T,21031,100314,39.956376N,116.330863E,49,342,86,
1150,T,21031,100315,39.956393N,116.330966E,49,303,82,
1151,T,21031,100316,39.956411N,116.331066E,49,291,79,
1152,T,21031,100317,39.956451N,116.331165E,49,311,72,
1153,T,21031,100318,39.956473N,116.331258E,49,291,69,
1154,T,21031,100319,39.956488N,116.331365E,49,322,68,
1155,T,21031,100320,39.956499N,116.331476E,49,377,71,
1156,T,21031,100321,39.956498N,116.331611E,49,409,77,
1157,T,21031,100322,39.956481N,116.331770E,48,432,81,
1158,T,21031,100323,39.956481N,116.331921E,48,427,83,
1159,T,21031,100324,39.956451N,116.332083E,48,416,84,
1160,T,21031,100325,39.956391N,116.332301E,48,449,85,
1161,T,21031,100326,39.956398N,116.332460E,48,461,86,
1162,T,21031,100327,39.956405N,116.332615E,48,454,86,
1163,T,21031,100328,39.956431N,116.332791E,48,464,86,
1164,T,21031,100329,39.956438N,116.332948E,48,464,86,
1165,T,21031,100330,39.956441N,116.333096E,48,445,86,
1166,T,21031,100331,39.956438N,116.333236E,48,412,88,
1167,T,21031,100332,39.956423N,116.333395E,48,370,87,
1168,T,21031,100333,39.956424N,116.333503E,48,320,87,
1169,T,21031,100334,39.956413N,116.333573E,48,228,87,
1170,T,21031,100335,39.956415N,116.333633E,48,166,85,
1171,T,21031,100336,39.956406N,116.333670E,48,97,85,
1172,T,21031,100337,39.956413N,116.333686E,48,53,85,
1173,T,21031,100338,39.956413N,116.333686E,48,0,85,
1174,T,21031,100339,39.956413N,116.333686E,48,0,85,
1175,T,21031,100340,39.956413N,116.333686E,48,0,85,
1176,T,21031,100341,39.956413N,116.333686E,48,0,85,
1177,T,21031,100342,39.956413N,116.333686E,48,0,85,
1178,T,21031,100343,39.956413N,116.333686E,48,0,85,
1179,T,21031,100344,39.956413N,116.333686E,48,0,85,
1180,T,21031,100345,39.956413N,116.333686E,48,0,85,
1181,T,21031,100346,39.956413N,116.333686E,48,0,85,
1182,T,21031,100347,39.956415N,116.333686E,48,0,85,
1183,T,21031,100348,39.956415N,116.333686E,48,0,85,
1184,T,21031,100349,39.956415N,116.333686E,48,0,85,
1185,T,21031,100350,39.956415N,116.333686E,48,0,85,
1186,T,21031,100351,39.956415N,116.333686E,48,0,85,
1187,T,21031,100352,39.956415N,116.333686E,48,0,85,
1188,T,21031,100353,39.956415N,116.333686E,48,0,85,
1189,T,21031,100354,39.956415N,116.333686E,48,0,85,
1190,T,21031,100355,39.956415N,116.333686E,48,0,85,
1191,T,21031,100356,39.956415N,116.333686E,48,0,85,
1192,T,21031,100357,39.956416N,116.333686E,48,0,85,
1193,T,21031,100400,39.956416N,116.333686E,48,0,85,
1194,T,21031,100401,39.956416N,116.333686E,48,0,85,
1195,T,21031,100402,39.956416N,116.333686E,48,0,85,
1196,T,21031,100403,39.956416N,116.333686E,48,0,85,
1197,T,21031,100404,39.956416N,116.333686E,48,0,85,
1198,T,21031,100405,39.956416N,116.333686E,48,0,85,
1199,T,21031,100406,39.956416N,116.333686E,48,0,85,
1200,T,21031,100407,39.956416N,116.333686E,48,0,85,
1201,T,21031,100408,39.956418N,116.333688E,48,0,85,
1202,T,21031,100409,39.956418N,116.333688E,48,0,85,
1203,T,21031,100410,39.956418N,116.333688E,48,0,85,
1204,T,21031,100411,39.956418N,116.333688E,48,0,85,
1205,T,21031,100412,39.956418N,116.333688E,48,0,85,
1206,T,21031,100413,39.956418N,116.333688E,48,0,85,
1207,T,21031,100414,39.956418N,116.333688E,48,0,85,
1208,T,21031,100415,39.956419N,116.333688E,48,0,85,
1209,T,21031,100416,39.956419N,116.333688E,48,0,85,
1210,T,21031,100417,39.956419N,116.333688E,48,0,85,
1211,T,21031,100418,39.956419N,116.333688E,48,0,85,
1212,T,21031,100419,39.956419N,116.333688E,48,0,85,
1213,T,21031,100420,39.956419N,116.333688E,48,0,85,
1214,T,21031,100421,39.956419N,116.333688E,48,0,85,
1215,T,21031,100422,39.956419N,116.333688E,48,0,85,
1216,T,21031,100423,39.956419N,116.333688E,48,0,85,
1217,T,21031,100424,39.956419N,116.333690E,48,0,85,
1218,T,21031,100425,39.956419N,116.333690E,48,0,85,
1219,T,21031,100426,39.956421N,116.333690E,48,0,85,
1220,T,21031,100427,39.956421N,116.333690E,48,0,85,
1221,T,21031,100428,39.956421N,116.333690E,48,0,85,
1222,T,21031,100429,39.956421N,116.333690E,48,0,85,
1223,T,21031,100430,39.956421N,116.333690E,48,0,85,
1224,T,21031,100431,39.956423N,116.333691E,48,0,85,
1225,T,21031,100432,39.956424N,116.333693E,48,38,85,
1226,T,21031,100433,39.956439N,116.333743E,48,55,85,
1227,T,21031,100434,39.956445N,116.333798E,48,176,87,
1228,T,21031,100435,39.956448N,116.333904E,48,320,88,
1229,T,21031,100436,39.956456N,116.334036E,48,385,87,
1230,T,21031,100437,39.956476N,116.334188E,48,410,86,
1231,T,21031,100438,39.956493N,116.334363E,48,457,85,
1232,T,21031,100439,39.956516N,116.334545E,48,475,85,
1233,T,21031,100440,39.956535N,116.334711E,47,484,84,
1234,T,21031,100441,39.956553N,116.334880E,47,479,84,
1235,T,21031,100442,39.956566N,116.335053E,47,494,84,
1236,T,21031,100443,39.956576N,116.335221E,47,510,85,
1237,T,21031,100444,39.956588N,116.335381E,47,510,84,
1238,T,21031,100445,39.956613N,116.335544E,47,509,82,
1239,T,21031,100446,39.956648N,116.335714E,47,489,80,
1240,T,21031,100447,39.956661N,116.335878E,47,469,82,
1241,T,21031,100448,39.956673N,116.336040E,46,462,82,
1242,T,21031,100449,39.956675N,116.336198E,46,469,84,
1243,T,21031,100450,39.956661N,116.336380E,46,478,84,
1244,T,21031,100451,39.956658N,116.336558E,47,495,86,
1245,T,21031,100452,39.956646N,116.336745E,47,502,87,
1246,T,21031,100453,39.956658N,116.336918E,47,517,85,
1247,T,21031,100454,39.956658N,116.337098E,47,545,87,
1248,T,21031,100455,39.956664N,116.337280E,47,537,86,
1249,T,21031,100456,39.956666N,116.337458E,47,528,87,
1250,T,21031,100457,39.956675N,116.337626E,48,526,87,
1251,T,21031,100458,39.956688N,116.337789E,48,493,87,
1252,T,21031,100459,39.956693N,116.337950E,48,476,87,
1253,T,21031,100500,39.956694N,116.338103E,49,468,87,
1254,T,21031,100501,39.956703N,116.338253E,49,468,87,
1255,T,21031,100502,39.956715N,116.338393E,49,458,87,
1256,T,21031,100503,39.956720N,116.338533E,49,426,86,
1257,T,21031,100504,39.956726N,116.338663E,49,410,86,
1258,T,21031,100505,39.956738N,116.338786E,50,385,85,
1259,T,21031,100506,39.956745N,116.338891E,50,325,84,
1260,T,21031,100507,39.956738N,116.338968E,50,229,83,
1261,T,21031,100508,39.956738N,116.339025E,50,164,81,
1262,T,21031,100509,39.956743N,116.339065E,50,115,80,
1263,T,21031,100510,39.956746N,116.339095E,50,83,80,
1264,T,21031,100511,39.956754N,116.339116E,50,63,80,
1265,T,21031,100512,39.956743N,116.339144E,50,96,80,
1266,T,21031,100513,39.956734N,116.339193E,50,158,87,
1267,T,21031,100514,39.956734N,116.339263E,51,211,86,
1268,T,21031,100515,39.956739N,116.339348E,51,247,85,
1269,T,21031,100516,39.956745N,116.339433E,52,267,85,
1270,T,21031,100517,39.956758N,116.339518E,52,251,84,
1271,T,21031,100518,39.956739N,116.339598E,53,231,84,
1272,C,21031,100520,39.956779N,116.339790E,53,146,85,
1273,T,21031,100521,39.956786N,116.339841E,53,115,85,
1274,T,21031,100522,39.956781N,116.339870E,53,116,87,
1275,T,21031,100523,39.956768N,116.339905E,53,113,129,
1276,T,21031,100524,39.956754N,116.339930E,53,126,130,
1277,T,21031,100525,39.956724N,116.339954E,53,127,130,
1278,T,21031,100526,39.956685N,116.339978E,53,167,139,
1279,T,21031,100527,39.956631N,116.340008E,52,254,163,
1280,T,21031,100528,39.956558N,116.340036E,52,316,164,
1281,T,21031,100531,39.956280N,116.340131E,50,417,165,
1282,T,21031,100532,39.956164N,116.340178E,49,427,165,
1283,T,21031,100533,39.956053N,116.340220E,48,407,165,
1284,T,21031,100534,39.955958N,116.340255E,47,379,166,
1285,T,21031,100535,39.955861N,116.340283E,46,357,166,
1286,T,21031,100536,39.955783N,116.340311E,45,310,166,
1287,T,21031,100537,39.955711N,116.340331E,45,289,168,
1288,T,21031,100538,39.955630N,116.340354E,44,333,168,
1289,T,21031,100539,39.955541N,116.340376E,44,359,169,
1290,T,21031,100540,39.955426N,116.340406E,43,447,167,
1291,T,21031,100541,39.955313N,116.340443E,43,450,167,
1292,T,21031,100542,39.955186N,116.340500E,42,427,166,
1293,T,21031,100543,39.955069N,116.340535E,42,405,166,
1294,T,21031,100544,39.954976N,116.340563E,41,320,167,
1295,T,21031,100545,39.954906N,116.340578E,41,237,169,
1296,T,21031,100546,39.954858N,116.340594E,40,173,166,
1297,T,21031,100547,39.954821N,116.340610E,40,124,166,
1298,T,21031,100548,39.954798N,116.340619E,39,106,167,
1299,T,21031,100549,39.954753N,116.340639E,39,175,168,
1300,T,21031,100550,39.954700N,116.340661E,38,210,168,
1301,T,21031,100551,39.954646N,116.340700E,38,276,167,
1302,T,21031,100552,39.954571N,116.340728E,37,342,167,
1303,T,21031,100553,39.954483N,116.340768E,37,393,167,
1304,T,21031,100554,39.954385N,116.340805E,36,433,167,
1305,T,21031,100555,39.954271N,116.340836E,36,460,168,
1306,T,21031,100556,39.954144N,116.340863E,36,487,169,
1307,T,21031,100557,39.954026N,116.340890E,36,480,169,
1308,T,21031,100558,39.953903N,116.340919E,36,475,169,
1309,T,21031,100559,39.953793N,116.340949E,36,447,168,
1310,T,21031,100600,39.953678N,116.340985E,35,447,167,
1311,T,21031,100601,39.953574N,116.341015E,35,414,166,
1312,T,21031,100602,39.953443N,116.341028E,35,387,166,
1313,T,21031,100603,39.953366N,116.341043E,34,336,168,
1314,T,21031,100604,39.953289N,116.341048E,34,268,169,
1315,T,21031,100605,39.953226N,116.341038E,33,191,169,
1316,T,21031,100606,39.953203N,116.341051E,33,153,168,
1317,T,21031,100607,39.953178N,116.341058E,33,121,167,
1318,T,21031,100608,39.953148N,116.341051E,33,71,167,
1319,T,21031,100609,39.953148N,116.341051E,33,0,167,
1320,T,21031,100610,39.953148N,116.341051E,33,0,167,
1321,T,21031,100611,39.953148N,116.341051E,33,0,167,
1322,T,21031,100612,39.953146N,116.341054E,33,0,167,
1323,T,21031,100613,39.953144N,116.341058E,33,0,167,
1324,T,21031,100614,39.953143N,116.341058E,33,0,167,
1325,T,21031,100615,39.953143N,116.341058E,33,0,167,
1326,T,21031,100616,39.953143N,116.341058E,33,0,167,
1327,T,21031,100617,39.953143N,116.341058E,33,0,167,
1328,T,21031,100618,39.953143N,116.341059E,33,0,167,
1329,T,21031,100619,39.953143N,116.341059E,33,0,167,
1330,T,21031,100620,39.953143N,116.341059E,33,0,167,
1331,T,21031,100621,39.953143N,116.341061E,33,0,167,
1332,T,21031,100622,39.953141N,116.341061E,33,0,167,
1333,T,21031,100623,39.953141N,116.341061E,33,0,167,
1334,T,21031,100624,39.953141N,116.341063E,33,0,167,
1335,T,21031,100625,39.953141N,116.341063E,33,0,167,
1336,T,21031,100626,39.953141N,116.341063E,33,0,167,
1337,T,21031,100627,39.953141N,116.341063E,33,0,167,
1338,T,21031,100628,39.953141N,116.341065E,33,0,167,
1339,T,21031,100629,39.953139N,116.341065E,33,0,167,
1340,T,21031,100630,39.953139N,116.341065E,33,0,167,
1341,T,21031,100631,39.953139N,116.341065E,33,0,167,
1342,T,21031,100632,39.953118N,116.341099E,33,56,167,
1343,T,21031,100633,39.953078N,116.341115E,33,173,172,
1344,T,21031,100634,39.953025N,116.341121E,33,248,173,
1345,T,21031,100635,39.952966N,116.341136E,33,244,174,
1346,T,21031,100636,39.952903N,116.341163E,33,268,167,
1347,T,21031,100637,39.952836N,116.341189E,33,263,163,
1348,T,21031,100638,39.952773N,116.341200E,33,263,163,
1349,T,21031,100639,39.952696N,116.341211E,33,290,163,
1350,T,21031,100640,39.952615N,116.341200E,33,328,163,
1351,T,21031,100641,39.952506N,116.341223E,34,356,164,
1352,T,21031,100642,39.952403N,116.341250E,34,374,165,
1353,T,21031,100643,39.952294N,116.341285E,34,357,166,
1354,T,21031,100644,39.952196N,116.341305E,34,340,166,
1355,T,21031,100645,39.952105N,116.341334E,34,333,167,
1356,T,21031,100646,39.952008N,116.341359E,34,346,167,
1357,T,21031,100647,39.951891N,116.341398E,34,368,167,
1358,T,21031,100648,39.951786N,116.341428E,34,368,167,
1359,T,21031,100649,39.951688N,116.341461E,34,368,168,
1360,T,21031,100650,39.951598N,116.341486E,34,327,168,
1361,T,21031,100651,39.951519N,116.341508E,35,303,169,
1362,T,21031,100652,39.951441N,116.341528E,35,276,170,
1363,T,21031,100653,39.951374N,116.341555E,35,233,170,
1364,T,21031,100654,39.951324N,116.341563E,36,169,173,
1365,T,21031,100655,39.951291N,116.341568E,36,138,178,
1366,T,21031,100656,39.951273N,116.341570E,36,66,178,
1367,T,21031,100657,39.951273N,116.341570E,36,0,178,
1368,T,21031,100658,39.951273N,116.341570E,36,0,178,
1369,T,21031,100701,39.951273N,116.341570E,36,0,178,
1370,T,21031,100702,39.951273N,116.341570E,36,0,178,
1371,T,21031,100703,39.951271N,116.341570E,36,0,178,
1372,T,21031,100704,39.951271N,116.341570E,36,0,178,
1373,T,21031,100705,39.951271N,116.341570E,36,0,178,
1374,T,21031,100706,39.951271N,116.341570E,37,0,178,
1375,T,21031,100707,39.951271N,116.341570E,37,0,178,
1376,T,21031,100708,39.951271N,116.341570E,37,0,178,
1377,T,21031,100709,39.951271N,116.341570E,37,0,178,
1378,T,21031,100710,39.951271N,116.341570E,37,0,178,
1379,T,21031,100711,39.951271N,116.341570E,37,0,178,
1380,T,21031,100712,39.951271N,116.341570E,37,0,178,
1381,T,21031,100713,39.951269N,116.341570E,37,0,178,
1382,T,21031,100714,39.951269N,116.341570E,37,0,178,
1383,T,21031,100715,39.951269N,116.341570E,37,0,178,
1384,T,21031,100716,39.951269N,116.341570E,37,0,178,
1385,T,21031,100717,39.951269N,116.341570E,37,0,178,
1386,T,21031,100718,39.951269N,116.341570E,37,0,178,
1387,T,21031,100719,39.951269N,116.341570E,37,0,178,
1388,T,21031,100720,39.951268N,116.341570E,37,0,178,
1389,T,21031,100721,39.951266N,116.341568E,37,36,178,
1390,T,21031,100722,39.951263N,116.341566E,37,41,178,
1391,T,21031,100723,39.951258N,116.341564E,37,45,178,
1392,T,21031,100724,39.951194N,116.341559E,37,76,178,
1393,T,21031,100725,39.951193N,116.341559E,37,45,178,
1394,T,21031,100726,39.951189N,116.341561E,37,43,178,
1395,T,21031,100727,39.951185N,116.341563E,37,50,178,
1396,T,21031,100728,39.951126N,116.341581E,37,50,178,
1397,T,21031,100729,39.951124N,116.341581E,37,43,178,
1398,T,21031,100730,39.951123N,116.341583E,37,43,178,
1399,T,21031,100731,39.951119N,116.341584E,37,40,178,
1400,T,21031,100732,39.951116N,116.341588E,38,49,178,
1401,T,21031,100733,39.951113N,116.341591E,38,43,178,
1402,T,21031,100734,39.951066N,116.341621E,38,55,178,
1403,T,21031,100735,39.951065N,116.341621E,38,45,178,
1404,T,21031,100736,39.951063N,116.341623E,38,0,178,
1405,T,21031,100737,39.951061N,116.341623E,38,0,178,
1406,T,21031,100738,39.951056N,116.341624E,38,0,178,
1407,T,21031,100739,39.951053N,116.341626E,38,0,178,
1408,T,21031,100740,39.951050N,116.341628E,38,0,178,
,,,101105,39.950758N,116.341819E,27,0,0,
,,,101107,39.950703N,116.341841E,33,0,0,
,,,101108,39.950703N,116.341841E,33,0,0,
,,,101109,39.950705N,116.341841E,34,0,0,
